State,#,$,(,),*,+,",",-,.,/,:=,;,<,<=,=,>,>=,begin,call,const,do,end,id,if,num,odd,procedure,read,then,var,while,write,Block,Condition,ConstDecl,ConstRest,Expression,Factor,FactorList,ProcDecl,ProcDecls,Program,RelOp,Sign,Statement,StmtList,Term,TermList,VarDecl,VarRest
0,,,,,,,,,r14,,,r14,,,,,,s5,s3,s4,,,s2,s6,,,s15,s11,,s8,s7,s9,10,,13,,,,,14,16,12,,,17,,,,1,
1,,,,,,,,,r14,,,r14,,,,,,r14,r14,,,,r14,r14,,,s15,r14,,,r14,r14,,,,,,,,14,18,,,,,,,,,
2,,,,,,,,,,,s19,,,,,,,,,,,,,,,,,,,,,,,,,,,,,,,,,,,,,,,
3,,,,,,,,,,,,,,,,,,,,,,,s20,,,,,,,,,,,,,,,,,,,,,,,,,,,
4,,,,,,,,,,,,,,,,,,,,,,,s21,,,,,,,,,,,,,,,,,,,,,,,,,,,
5,,,,,,,,,,,,s22,,,,,,s5,s3,,,r27,s2,s6,,,,s11,,,s7,s9,,,,,,,,,,,,,24,23,,,,
6,,,r39,,,s26,,s27,,,,,,,,,,,,,,,r39,,r39,s29,,,,,,,,28,,,30,,,,,,,25,,,,,,
7,,,r39,,,s26,,s27,,,,,,,,,,,,,,,r39,,r39,s29,,,,,,,,31,,,30,,,,,,,25,,,,,,
8,,,,,,,,,,,,,,,,,,,,,,,s32,,,,,,,,,,,,,,,,,,,,,,,,,,,
9,,,s33,,,,,,,,,,,,,,,,,,,,,,,,,,,,,,,,,,,,,,,,,,,,,,,
10,,,,,,,,,s34,,,,,,,,,,,,,,,,,,,,,,,,,,,,,,,,,,,,,,,,,
11,,,s35,,,,,,,,,,,,,,,,,,,,,,,,,,,,,,,,,,,,,,,,,,,,,,,
12,,acc,,,,,,,,,,,,,,,,,,,,,,,,,,,,,,,,,,,,,,,,,,,,,,,,
13,,,,,,,,,r14,,,r14,,,,,,r14,r14,,,,r14,r14,,,s15,r14,,s8,r14,r14,,,,,,,,14,37,,,,,,,,36,
14,,,,,,,,,r14,,,r14,,,,,,r14,r14,,,,r14,r14,,,s15,r14,,,r14,r14,,,,,,,,14,38,,,,,,,,,
15,,,,,,,,,,,,,,,,,,,,,,,s39,,,,,,,,,,,,,,,,,,,,,,,,,,,
16,,,,,,,,,,,,,,,,,,s5,s3,,,,s2,s6,,,,s11,,,s7,s9,,,,,,,,,,,,,40,,,,,
17,,,,,,,,,r6,,,r6,,,,,,,,,,,,,,,,,,,,,,,,,,,,,,,,,,,,,,
18,,,,,,,,,,,,,,,,,,s5,s3,,,,s2,s6,,,,s11,,,s7,s9,,,,,,,,,,,,,41,,,,,
19,,,r39,,,s26,,s27,,,,,,,,,,,,,,,r39,,r39,,,,,,,,,,,,42,,,,,,,25,,,,,,
20,,,,,,,,,r17,,,r17,,,,,,,,,,r17,,,,,,,,,,,,,,,,,,,,,,,,,,,,
21,,,,,,,,,,,,,,,s43,,,,,,,,,,,,,,,,,,,,,,,,,,,,,,,,,,,
22,,,,,,,,,,,,s22,,,,,,s5,s3,,,r27,s2,s6,,,,s11,,,s7,s9,,,,,,,,,,,,,45,44,,,,
23,,,,,,,,,,,,,,,,,,,,,,s46,,,,,,,,,,,,,,,,,,,,,,,,,,,,
24,,,,,,,,,,,,s47,,,,,,,,,,r23,,,,,,,,,,,,,,,,,,,,,,,,,,,,
25,,,s51,,,,,,,,,,,,,,,,,,,,s48,,s49,,,,,,,,,,,,,50,,,,,,,,,52,,,
26,,,r37,,,,,,,,,,,,,,,,,,,,r37,,r37,,,,,,,,,,,,,,,,,,,,,,,,,
27,,,r38,,,,,,,,,,,,,,,,,,,,r38,,r38,,,,,,,,,,,,,,,,,,,,,,,,,
28,,,,,,,,,,,,,,,,,,,,,,,,,,,,,s53,,,,,,,,,,,,,,,,,,,,,
29,,,r39,,,s26,,s27,,,,,,,,,,,,,,,r39,,r39,,,,,,,,,,,,54,,,,,,,25,,,,,,
30,s55,,,,,,,,,,,,s56,s58,s61,s59,s60,,,,,,,,,,,,,,,,,,,,,,,,,,57,,,,,,,
31,,,,,,,,,,,,,,,,,,,,,s62,,,,,,,,,,,,,,,,,,,,,,,,,,,,,
32,,,,,,,s64,,,,,r12,,,,,,,,,,,,,,,,,,,,,,,,,,,,,,,,,,,,,,63
33,,,r39,,,s26,,s27,,,,,,,,,,,,,,,r39,,r39,,,,,,,,,,,,65,,,,,,,25,,,,,,
34,,r1,,,,,,,,,,,,,,,,,,,,,,,,,,,,,,,,,,,,,,,,,,,,,,,,
35,,,,,,,,,,,,,,,,,,,,,,,s66,,,,,,,,,,,,,,,,,,,,,,,,,,,
36,,,,,,,,,r14,,,r14,,,,,,r14,r14,,,,r14,r14,,,s15,r14,,,r14,r14,,,,,,,,14,67,,,,,,,,,
37,,,,,,,,,,,,,,,,,,s5,s3,,,,s2,s6,,,,s11,,,s7,s9,,,,,,,,,,,,,68,,,,,
38,,,,,,,,,r13,,,r13,,,,,,r13,r13,,,,r13,r13,,,,r13,,,r13,r13,,,,,,,,,,,,,,,,,,
39,,,,,,,,,,,,s69,,,,,,,,,,,,,,,,,,,,,,,,,,,,,,,,,,,,,,
40,,,,,,,,,r5,,,r5,,,,,,,,,,,,,,,,,,,,,,,,,,,,,,,,,,,,,,
41,,,,,,,,,r4,,,r4,,,,,,,,,,,,,,,,,,,,,,,,,,,,,,,,,,,,,,
42,,,,,,,,,r16,,,r16,,,,,,,,,,r16,,,,,,,,,,,,,,,,,,,,,,,,,,,,
43,,,,,,,,,,,,,,,,,,,,,,,,,s70,,,,,,,,,,,,,,,,,,,,,,,,,
44,,,,,,,,,,,,,,,,,,,,,,r26,,,,,,,,,,,,,,,,,,,,,,,,,,,,
45,,,,,,,,,,,,s71,,,,,,s5,s3,,,r27,s2,s6,,,,s11,,,s7,s9,,,,,,,,,,,,,24,72,,,,
46,,,,,,,,,r18,,,r18,,,,,,,,,,r18,,,,,,,,,,,,,,,,,,,,,,,,,,,,
47,,,,,,,,,,,,s22,,,,,,s5,s3,,,r27,s2,s6,,,,s11,,,s7,s9,,,,,,,,,,,,,24,73,,,,
48,r47,,,r47,r47,r47,,r47,r47,r47,,r47,r47,r47,r47,r47,r47,,,,r47,r47,,,,,,,r47,,,,,,,,,,,,,,,,,,,,,
49,r48,,,r48,r48,r48,,r48,r48,r48,,r48,r48,r48,r48,r48,r48,,,,r48,r48,,,,,,,r48,,,,,,,,,,,,,,,,,,,,,
50,r46,,,r46,s74,r46,,r46,r46,s75,,r46,r46,r46,r46,r46,r46,,,,r46,r46,,,,,,,r46,,,,,,,,,,76,,,,,,,,,,,
51,,,r39,,,s26,,s27,,,,,,,,,,,,,,,r39,,r39,,,,,,,,,,,,77,,,,,,,25,,,,,,
52,r42,,,r42,,s79,,s80,r42,,,r42,r42,r42,r42,r42,r42,,,,r42,r42,,,,,,,r42,,,,,,,,,,,,,,,,,,,78,,
53,,,,,,,,,,,,,,,,,,s5,s3,,,,s2,s6,,,,s11,,,s7,s9,,,,,,,,,,,,,81,,,,,
54,,,,,,,,,,,,,,,,,,,,,r28,,,,,,,,r28,,,,,,,,,,,,,,,,,,,,,
55,,,r31,,,r31,,r31,,,,,,,,,,,,,,,r31,,r31,,,,,,,,,,,,,,,,,,,,,,,,,
56,,,r32,,,r32,,r32,,,,,,,,,,,,,,,r32,,r32,,,,,,,,,,,,,,,,,,,,,,,,,
57,,,r39,,,s26,,s27,,,,,,,,,,,,,,,r39,,r39,,,,,,,,,,,,82,,,,,,,25,,,,,,
58,,,r33,,,r33,,r33,,,,,,,,,,,,,,,r33,,r33,,,,,,,,,,,,,,,,,,,,,,,,,
59,,,r34,,,r34,,r34,,,,,,,,,,,,,,,r34,,r34,,,,,,,,,,,,,,,,,,,,,,,,,
60,,,r35,,,r35,,r35,,,,,,,,,,,,,,,r35,,r35,,,,,,,,,,,,,,,,,,,,,,,,,
61,,,r30,,,r30,,r30,,,,,,,,,,,,,,,r30,,r30,,,,,,,,,,,,,,,,,,,,,,,,,
62,,,,,,,,,,,,,,,,,,s5,s3,,,,s2,s6,,,,s11,,,s7,s9,,,,,,,,,,,,,83,,,,,
63,,,,,,,,,,,,s84,,,,,,,,,,,,,,,,,,,,,,,,,,,,,,,,,,,,,,
64,,,,,,,,,,,,,,,,,,,,,,,s85,,,,,,,,,,,,,,,,,,,,,,,,,,,
65,,,,s86,,,,,,,,,,,,,,,,,,,,,,,,,,,,,,,,,,,,,,,,,,,,,,
66,,,,s87,,,,,,,,,,,,,,,,,,,,,,,,,,,,,,,,,,,,,,,,,,,,,,
67,,,,,,,,,,,,,,,,,,s5,s3,,,,s2,s6,,,,s11,,,s7,s9,,,,,,,,,,,,,88,,,,,
68,,,,,,,,,r3,,,r3,,,,,,,,,,,,,,,,,,,,,,,,,,,,,,,,,,,,,,
69,,,,,,,,,r14,,,r14,,,,,,s5,s3,s4,,,s2,s6,,,s15,s11,,s8,s7,s9,89,,13,,,,,14,16,,,,17,,,,1,
70,,,,,,,s91,,,,,r9,,,,,,,,,,,,,,,,,,,,,,,,90,,,,,,,,,,,,,,
71,,,,,,,,,,,,s22,,,,,,s5,s3,,,r27,s2,s6,,,,s11,,,s7,s9,,,,,,,,,,,,,45,92,,,,
72,,,,,,,,,,,,,,,,,,,,,,r25,,,,,,,,,,,,,,,,,,,,,,,,,,,,
73,,,,,,,,,,,,,,,,,,,,,,r24,,,,,,,,,,,,,,,,,,,,,,,,,,,,
74,,,s51,,,,,,,,,,,,,,,,,,,,s48,,s49,,,,,,,,,,,,,93,,,,,,,,,,,,
75,,,s51,,,,,,,,,,,,,,,,,,,,s48,,s49,,,,,,,,,,,,,94,,,,,,,,,,,,
76,r43,,,r43,,r43,,r43,r43,,,r43,r43,r43,r43,r43,r43,,,,r43,r43,,,,,,,r43,,,,,,,,,,,,,,,,,,,,,
77,,,,s95,,,,,,,,,,,,,,,,,,,,,,,,,,,,,,,,,,,,,,,,,,,,,,
78,r36,,,r36,,,,,r36,,,r36,r36,r36,r36,r36,r36,,,,r36,r36,,,,,,,r36,,,,,,,,,,,,,,,,,,,,,
79,,,s51,,,,,,,,,,,,,,,,,,,,s48,,s49,,,,,,,,,,,,,50,,,,,,,,,96,,,
80,,,s51,,,,,,,,,,,,,,,,,,,,s48,,s49,,,,,,,,,,,,,50,,,,,,,,,97,,,
81,,,,,,,,,r19,,,r19,,,,,,,,,,r19,,,,,,,,,,,,,,,,,,,,,,,,,,,,
82,,,,,,,,,,,,,,,,,,,,,r29,,,,,,,,r29,,,,,,,,,,,,,,,,,,,,,
83,,,,,,,,,r20,,,r20,,,,,,,,,,r20,,,,,,,,,,,,,,,,,,,,,,,,,,,,
84,,,,,,,,,r10,,,r10,,,,,,r10,r10,,,,r10,r10,,,r10,r10,,,r10,r10,,,,,,,,,,,,,,,,,,
85,,,,,,,s64,,,,,r12,,,,,,,,,,,,,,,,,,,,,,,,,,,,,,,,,,,,,,98
86,,,,,,,,,r22,,,r22,,,,,,,,,,r22,,,,,,,,,,,,,,,,,,,,,,,,,,,,
87,,,,,,,,,r21,,,r21,,,,,,,,,,r21,,,,,,,,,,,,,,,,,,,,,,,,,,,,
88,,,,,,,,,r2,,,r2,,,,,,,,,,,,,,,,,,,,,,,,,,,,,,,,,,,,,,
89,,,,,,,,,,,,s99,,,,,,,,,,,,,,,,,,,,,,,,,,,,,,,,,,,,,,
90,,,,,,,,,,,,s100,,,,,,,,,,,,,,,,,,,,,,,,,,,,,,,,,,,,,,
91,,,,,,,,,,,,,,,,,,,,,,,s101,,,,,,,,,,,,,,,,,,,,,,,,,,,
92,,,,,,,,,,,,,,,,,,,,,,r26,,,,,,,,,,,,,,,,,,,,,,,,,,,,
93,r46,,,r46,s74,r46,,r46,r46,s75,,r46,r46,r46,r46,r46,r46,,,,r46,r46,,,,,,,r46,,,,,,,,,,102,,,,,,,,,,,
94,r46,,,r46,s74,r46,,r46,r46,s75,,r46,r46,r46,r46,r46,r46,,,,r46,r46,,,,,,,r46,,,,,,,,,,103,,,,,,,,,,,
95,r49,,,r49,r49,r49,,r49,r49,r49,,r49,r49,r49,r49,r49,r49,,,,r49,r49,,,,,,,r49,,,,,,,,,,,,,,,,,,,,,
96,r42,,,r42,,s79,,s80,r42,,,r42,r42,r42,r42,r42,r42,,,,r42,r42,,,,,,,r42,,,,,,,,,,,,,,,,,,,104,,
97,r42,,,r42,,s79,,s80,r42,,,r42,r42,r42,r42,r42,r42,,,,r42,r42,,,,,,,r42,,,,,,,,,,,,,,,,,,,105,,
98,,,,,,,,,,,,r11,,,,,,,,,,,,,,,,,,,,,,,,,,,,,,,,,,,,,,
99,,,,,,,,,r15,,,r15,,,,,,r15,r15,,,,r15,r15,,,r15,r15,,,r15,r15,,,,,,,,,,,,,,,,,,
100,,,,,,,,,r7,,,r7,,,,,,r7,r7,,,,r7,r7,,,r7,r7,,r7,r7,r7,,,,,,,,,,,,,,,,,,
101,,,,,,,,,,,,,,,s106,,,,,,,,,,,,,,,,,,,,,,,,,,,,,,,,,,,
102,r44,,,r44,,r44,,r44,r44,,,r44,r44,r44,r44,r44,r44,,,,r44,r44,,,,,,,r44,,,,,,,,,,,,,,,,,,,,,
103,r45,,,r45,,r45,,r45,r45,,,r45,r45,r45,r45,r45,r45,,,,r45,r45,,,,,,,r45,,,,,,,,,,,,,,,,,,,,,
104,r40,,,r40,,,,,r40,,,r40,r40,r40,r40,r40,r40,,,,r40,r40,,,,,,,r40,,,,,,,,,,,,,,,,,,,,,
105,r41,,,r41,,,,,r41,,,r41,r41,r41,r41,r41,r41,,,,r41,r41,,,,,,,r41,,,,,,,,,,,,,,,,,,,,,
106,,,,,,,,,,,,,,,,,,,,,,,,,s107,,,,,,,,,,,,,,,,,,,,,,,,,
107,,,,,,,s91,,,,,r9,,,,,,,,,,,,,,,,,,,,,,,,108,,,,,,,,,,,,,,
108,,,,,,,,,,,,r8,,,,,,,,,,,,,,,,,,,,,,,,,,,,,,,,,,,,,,
